hub,rule,hours,usd_per_MWh,win_rate,total_usd_1MW,worst_hour,worst_day,days_traded,days_positive
TORONTO,sell every hour,2176,4.80090571384804,0.6185661764705882,10446.770833333336,-594.5491666666667,-1360.3258333333333,91,0.5824175824175825
TORONTO,sell HE14-21 only,723,11.285585523282618,0.6832641770401107,8159.4783333333335,-594.5491666666667,-1271.5408333333332,91,0.6263736263736264
TORONTO,"sell when tight (headroom < 8,500)",776,14.73035545532646,0.6817010309278351,11430.755833333333,-594.5491666666667,-1015.0616666666666,73,0.6164383561643836
TORONTO,sell when tight AND HE14-21,505,15.935186468646865,0.7069306930693069,8047.269166666667,-594.5491666666667,-1271.5408333333332,73,0.6712328767123288
TORONTO,sell when Tesla >=600 MW below IESO,640,13.237576822916665,0.6765625,8472.049166666666,-440.72416666666663,-573.73,69,0.5797101449275363
TORONTO,buy when Tesla >=600 MW above IESO,50,5.524349999999998,0.64,276.2174999999999,-92.85249999999999,-81.32166666666666,15,0.6
TORONTO,"model: sell tight|Tesla-low, buy Tesla-high & loose",1011,11.700182987141444,0.6726013847675568,11828.885,-594.5491666666667,-1344.49,88,0.6590909090909091
SOUTHWEST,sell every hour,2176,4.321099877450981,0.6102941176470589,9402.713333333333,-606.3449999999999,-1345.496666666667,91,0.5824175824175825
SOUTHWEST,sell HE14-21 only,723,10.528502766251728,0.6763485477178424,7612.1075,-606.3449999999999,-1280.2816666666668,91,0.6263736263736264
SOUTHWEST,"sell when tight (headroom < 8,500)",776,13.253131443298969,0.6713917525773195,10284.43,-606.3449999999999,-1148.4341666666667,73,0.589041095890411
SOUTHWEST,sell when tight AND HE14-21,505,14.866798679867987,0.699009900990099,7507.733333333334,-606.3449999999999,-1280.2816666666668,73,0.6712328767123288
SOUTHWEST,sell when Tesla >=600 MW below IESO,640,12.420889322916668,0.6625,7949.369166666667,-445.2533333333332,-583.1266666666664,69,0.5652173913043478
SOUTHWEST,buy when Tesla >=600 MW above IESO,50,5.728583333333334,0.66,286.4291666666667,-93.75416666666666,-80.4383333333333,15,0.6
SOUTHWEST,"model: sell tight|Tesla-low, buy Tesla-high & loose",1011,10.877355753379494,0.6636993076162215,10997.006666666668,-606.3449999999999,-1353.8400000000001,88,0.6477272727272727
