ladder,days,mwh_cleared,buy_mwh,sell_mwh,usd_per_mwh,usd_per_day,ci90_day,total,days_up,worst_day
every hour at score 1,459,233770,233770,0,4.07,2071,+608..+3586,950753,47,-83699
every hour at score 2,459,143500,73665,69835,6.77,2117,+1029..+3153,971483,64,-88566
every hour at score 3,459,158850,13755,145095,4.42,1530,+206..+2755,702111,64,-98201
every hour at score 4,459,212170,1780,210390,2.43,1122,-370..+2511,515192,62,-101811
every hour at score 5,459,638640,0,638640,1.65,2293,-1670..+6083,1052290,62,-260892
VA auto-score per hour,459,398585,16540,382045,3.75,3258,-189..+6448,1495399,63,-260892
lean-driven score (+-2 / +-4),459,243860,15845,228015,3.41,1810,+167..+3396,830758,63,-143179
"OURS: v2 SELL -> 5, else 3",459,441750,5710,436040,5.18,4981,+1741..+7913,2286413,65,-210007
"OURS: v2 SELL -> 5, else nothing",412,390290,0,390290,6.63,6278,+3068..+9523,2586393,67,-181201
