ladder,days,mwh_cleared,buy_mwh,sell_mwh,usd_per_mwh,usd_per_day,ci90_day,total,days_up,worst_day
every hour at score 1,453,241200,241200,0,2.22,1181,+90..+2383,535076,46,-59784
every hour at score 2,453,139520,77765,61755,5.82,1793,+1032..+2586,812101,62,-85298
every hour at score 3,453,150215,14195,136020,5.33,1768,+782..+2835,800739,66,-93516
every hour at score 4,453,202295,1520,200775,3.69,1647,+439..+2901,746012,63,-100599
every hour at score 5,453,611470,0,611470,3.1,4181,+878..+7643,1894094,63,-262935
VA auto-score per hour,453,373410,26740,346670,4.89,4027,+1111..+6988,1824182,65,-266201
lean-driven score (+-2 / +-4),453,229420,19910,209510,5.46,2767,+1424..+4094,1253550,64,-137043
"OURS: v2 SELL -> 5, else 3",453,432095,6045,426050,6.35,6056,+3428..+8773,2743402,66,-211386
"OURS: v2 SELL -> 5, else nothing",411,385400,0,385400,7.71,7226,+4529..+10021,2969789,66,-184895
