rule,hours,sells,buys,usd_mwh,ci90,win,total,days,days_up,worst_day,best_day
"VA Load vs DAA (Tesla/Dynasty vs IESO, 200 MW)",7195,5761,1434,4.08,+1.58..+6.60,62.4,29346,463,61,-2734,3452
VA IESO load vs 7-day same HE (300 MW),8638,4317,4321,0.34,-2.17..+2.81,49.9,2903,463,49,-2243,3557
VA Wind ramp 3h (400 MW),1448,763,685,5.33,+0.34..+10.61,54.5,7712,269,58,-1763,1904
VA Solar ramp 1h (150 MW),4,2,2,-30.0,+nan..+nan,0.0,-120,3,0,-59,-2
VA Gas-need ramp (15%),1251,444,807,6.74,+3.22..+10.52,48.7,8428,318,49,-487,1282
"VA Gas ledge (<2,500 / >7,200)",3021,1518,1503,-8.53,-13.84..-3.21,46.7,-25756,288,49,-4354,2909
VA Gas outages (top/bottom 20%),4873,1806,3067,-0.52,-3.72..+2.63,45.4,-2537,238,50,-2909,2797
"VA Nuclear outages (4,500 / 2,500)",3936,1269,2667,0.35,-3.08..+3.79,44.1,1358,176,49,-1799,2653
VA RT fc vs DA fc level (10/20/30%),7659,7493,166,0.76,-1.86..+3.38,66.0,5825,460,60,-2909,3517
VA lean total >= +2 buy / <= -2 sell,5922,5077,845,1.76,-0.90..+4.33,63.4,10451,453,59,-2352,2072
VA lean total >= +3 buy / <= -3 sell,3261,3034,227,0.22,-2.94..+3.25,65.5,708,371,64,-1876,1019
VA lean total >= +4 buy / <= -4 sell,1394,1352,42,1.25,-3.43..+5.57,67.4,1747,231,65,-1886,844
"VA auto-score 1/2 buy, 4/5 sell",7199,6991,208,1.0,-2.00..+3.99,66.4,7229,461,61,-2909,3517
  auto-score 5 only (sell),4408,4408,0,3.19,-0.88..+7.30,68.5,14082,441,63,-2909,3517
  auto-score 1 only (buy),68,0,68,5.2,-13.71..+27.77,45.6,354,24,46,-248,677
VA hist RT-DA 7d by HE: follow sign (|mean| >= $3),9106,5559,3547,0.17,-1.50..+1.88,53.8,1514,463,54,-2696,1813
VA hist RT-DA 14d by HE: follow sign (|mean| >= $3),8802,5112,3690,1.02,-0.74..+2.62,53.1,8941,463,54,-1761,1865
"OURS v2 SELL (tight or surplus, walk-forward)",6297,6297,0,3.87,+0.94..+6.89,67.7,24397,415,65,-2797,2193
sell every hour,11069,11069,0,-0.14,-2.29..+2.02,64.9,-1513,463,57,-3557,4354
buy every hour,11069,0,11069,0.14,-2.02..+2.49,35.0,1513,463,43,-4354,3557
"OURS buy band (middle headroom, walk-forward)",2036,0,2036,11.98,+7.22..+16.87,41.7,24383,308,51,-1932,2391
OURS combined: v2 SELL + buy band,7052,5016,2036,5.88,+3.46..+8.29,59.4,41455,395,63,-2797,2130
