rule,hours,sells,buys,usd_mwh,ci90,win,total,days,days_up,worst_day,best_day
"VA Load vs DAA (Tesla/Dynasty vs IESO, 200 MW)",7066,5675,1391,4.51,+2.31..+6.75,62.4,31862,453,62,-2804,3356
VA IESO load vs 7-day same HE (300 MW),8430,4219,4211,-0.12,-2.26..+2.02,50.1,-998,453,49,-2206,2804
VA Wind ramp 3h (400 MW),1433,755,678,7.22,+3.08..+11.84,55.1,10352,264,59,-991,1486
VA Solar ramp 1h (150 MW),4,2,2,-28.19,+nan..+nan,0.0,-113,3,0,-56,-2
VA Gas-need ramp (15%),1251,444,807,2.89,+0.80..+5.10,49.2,3620,318,48,-225,896
"VA Gas ledge (<2,500 / >7,200)",3021,1518,1503,-6.43,-11.46..-0.97,46.6,-19425,288,50,-4231,2922
VA Gas outages (top/bottom 20%),4793,1806,2987,-1.74,-4.38..+1.00,44.5,-8355,234,47,-2922,1983
"VA Nuclear outages (4,500 / 2,500)",3786,1269,2517,1.31,-1.87..+4.61,44.4,4957,168,49,-1624,2804
VA RT fc vs DA fc level (10/20/30%),7487,6988,499,1.68,-0.71..+4.07,65.7,12594,451,61,-2922,3423
VA lean total >= +2 buy / <= -2 sell,5744,4831,913,2.67,+0.60..+4.69,63.2,15336,445,61,-1899,1401
VA lean total >= +3 buy / <= -3 sell,3095,2810,285,2.08,-0.70..+4.70,65.7,6448,361,62,-1801,984
VA lean total >= +4 buy / <= -4 sell,1277,1216,61,4.11,+0.14..+7.90,69.2,5251,223,68,-1810,817
"VA auto-score 1/2 buy, 4/5 sell",6823,6370,453,2.01,-0.61..+4.72,65.6,13734,449,60,-2950,2616
  auto-score 5 only (sell),3840,3840,0,3.89,-0.63..+8.27,68.6,14939,399,64,-2981,3423
  auto-score 1 only (buy),170,0,170,7.46,-8.55..+23.69,47.1,1268,55,53,-887,629
VA hist RT-DA 7d by HE: follow sign (|mean| >= $3),8717,5387,3330,0.58,-0.82..+1.99,54.3,5094,453,56,-1925,1841
VA hist RT-DA 14d by HE: follow sign (|mean| >= $3),8360,4948,3412,1.32,-0.07..+2.83,54.4,11070,453,54,-1676,1842
"OURS v2 SELL (tight or surplus, walk-forward)",6370,6370,0,5.15,+2.74..+7.67,66.8,32815,411,66,-2804,2107
sell every hour,10837,10837,0,1.23,-0.73..+3.27,64.5,13373,453,58,-2922,4231
buy every hour,10837,0,10837,-1.23,-3.24..+0.69,35.4,-13373,453,42,-4231,2922
"OURS buy band (middle headroom, walk-forward)",1505,0,1505,10.23,+5.58..+14.83,42.8,15395,236,53,-1549,2270
OURS combined: v2 SELL + buy band,6581,5076,1505,6.0,+3.91..+8.11,60.1,39467,379,65,-1983,2215
